[
    {
        "stationid": 1045,
        "milepost": 14.32,
        "locationtext": "Sunnyside NB",
        "upstream": 0,
        "downstream": 1046,
        "stationclass": 1,
        "numberlanes": 4,
        "latlon": "45.43324,-122.565775",
        "length": 0.94,
        "detectors": [
            {
                "detectorid": 1345,
                "lanenumber": 1,
                "loopdata": {}
            },
            {
                "detectorid": 1346,
                "lanenumber": 2,
                "loopdata": {}
            },
            {
                "detectorid": 1347,
                "lanenumber": 3,
                "loopdata": {}
            },
            {
                "detectorid": 1348,
                "lanenumber": 4,
                "loopdata": {}
            }
        ],
        "highway": {
            "highwayid": 3,
            "shortdirection": "N",
            "direction": "NORTH",
            "highwayname": "I-205"
        }
    },
    {
        "stationid": 1046,
        "milepost": 16.2,
        "locationtext": "Johnson Cr NB",
        "upstream": 1045,
        "downstream": 1047,
        "stationclass": 1,
        "numberlanes": 3,
        "latlon": "45.45322,-122.572585",
        "length": 1.89,
        "detectors": [
            {
                "detectorid": 1353,
                "lanenumber": 1,
                "loopdata": {}
            },
            {
                "detectorid": 1354,
                "lanenumber": 2,
                "loopdata": {}
            },
            {
                "detectorid": 1355,
                "lanenumber": 3,
                "loopdata": {}
            }
        ],
        "highway": {
            "highwayid": 3,
            "shortdirection": "N",
            "direction": "NORTH",
            "highwayname": "I-205"
        }
    },
    {
        "stationid": 1047,
        "milepost": 18.1,
        "locationtext": "Foster NB",
        "upstream": 1046,
        "downstream": 1117,
        "stationclass": 1,
        "numberlanes": 3,
        "latlon": "45.478984,-122.565617",
        "length": 1.6,
        "detectors": [
            {
                "detectorid": 1361,
                "lanenumber": 1,
                "loopdata": {}
            },
            {
                "detectorid": 1362,
                "lanenumber": 2,
                "loopdata": {}
            },
            {
                "detectorid": 1363,
                "lanenumber": 3,
                "loopdata": {}
            }
        ],
        "highway": {
            "highwayid": 3,
            "shortdirection": "N",
            "direction": "NORTH",
            "highwayname": "I-205"
        }
    },
    {
        "stationid": 1117,
        "milepost": 19.4,
        "locationtext": "Powell to I-205 NB",
        "upstream": 1047,
        "downstream": 1048,
        "stationclass": 1,
        "numberlanes": 3,
        "latlon": "45.497415,-122.565244",
        "length": 0.84,
        "detectors": [
            {
                "detectorid": 1809,
                "lanenumber": 1,
                "loopdata": {}
            },
            {
                "detectorid": 1810,
                "lanenumber": 2,
                "loopdata": {}
            },
            {
                "detectorid": 1811,
                "lanenumber": 3,
                "loopdata": {}
            }
        ],
        "highway": {
            "highwayid": 3,
            "shortdirection": "N",
            "direction": "NORTH",
            "highwayname": "I-205"
        }
    },
    {
        "stationid": 1048,
        "milepost": 19.78,
        "locationtext": "Division NB",
        "upstream": 1117,
        "downstream": 1142,
        "stationclass": 1,
        "numberlanes": 3,
        "latlon": "45.504373,-122.565148",
        "length": 0.86,
        "detectors": [
            {
                "detectorid": 1369,
                "lanenumber": 1,
                "loopdata": {}
            },
            {
                "detectorid": 1370,
                "lanenumber": 2,
                "loopdata": {}
            },
            {
                "detectorid": 1371,
                "lanenumber": 3,
                "loopdata": {}
            }
        ],
        "highway": {
            "highwayid": 3,
            "shortdirection": "N",
            "direction": "NORTH",
            "highwayname": "I-205"
        }
    },
    {
        "stationid": 1142,
        "milepost": 21.12,
        "locationtext": "Glisan to I-205 NB",
        "upstream": 1048,
        "downstream": 1140,
        "stationclass": 1,
        "numberlanes": 3,
        "latlon": "45.526397,-122.565153",
        "length": 1.82,
        "detectors": [
            {
                "detectorid": 1949,
                "lanenumber": 1,
                "loopdata": {}
            },
            {
                "detectorid": 1950,
                "lanenumber": 2,
                "loopdata": {}
            },
            {
                "detectorid": 1951,
                "lanenumber": 3,
                "loopdata": {}
            }
        ],
        "highway": {
            "highwayid": 3,
            "shortdirection": "N",
            "direction": "NORTH",
            "highwayname": "I-205"
        }
    },
    {
        "stationid": 1140,
        "milepost": 23.41,
        "locationtext": "Columbia to I-205 NB",
        "upstream": 1142,
        "downstream": 0,
        "stationclass": 1,
        "numberlanes": 3,
        "latlon": "45.559917,-122.564161",
        "length": 2.14,
        "detectors": [
            {
                "detectorid": 1941,
                "lanenumber": 1,
                "loopdata": {}
            },
            {
                "detectorid": 1942,
                "lanenumber": 2,
                "loopdata": {}
            },
            {
                "detectorid": 1943,
                "lanenumber": 3,
                "loopdata": {}
            }
        ],
        "highway": {
            "highwayid": 3,
            "shortdirection": "N",
            "direction": "NORTH",
            "highwayname": "I-205"
        }
    },
    {
        "stationid": 1125,
        "milepost": 14.58,
        "locationtext": "Sunnyside SB",
        "upstream": 1098,
        "downstream": 0,
        "stationclass": 1,
        "numberlanes": 3,
        "latlon": "45.43321952,-122.56635457",
        "length": 0.83,
        "detectors": [
            {
                "detectorid": 1856,
                "lanenumber": 1,
                "loopdata": {}
            },
            {
                "detectorid": 1857,
                "lanenumber": 2,
                "loopdata": {}
            },
            {
                "detectorid": 1858,
                "lanenumber": 3,
                "loopdata": {}
            }
        ],
        "highway": {
            "highwayid": 4,
            "shortdirection": "S",
            "direction": "SOUTH",
            "highwayname": "I-205"
        }
    },
    {
        "stationid": 1098,
        "milepost": 16.24,
        "locationtext": "Johnson Creek SB",
        "upstream": 1054,
        "downstream": 1125,
        "stationclass": 1,
        "numberlanes": 3,
        "latlon": "45.45687775,-122.57315129",
        "length": 1.46,
        "detectors": [
            {
                "detectorid": 1730,
                "lanenumber": 1,
                "loopdata": {}
            },
            {
                "detectorid": 1731,
                "lanenumber": 2,
                "loopdata": {}
            },
            {
                "detectorid": 1732,
                "lanenumber": 3,
                "loopdata": {}
            }
        ],
        "highway": {
            "highwayid": 4,
            "shortdirection": "S",
            "direction": "SOUTH",
            "highwayname": "I-205"
        }
    },
    {
        "stationid": 1054,
        "milepost": 17.5,
        "locationtext": "Foster SB",
        "upstream": 1053,
        "downstream": 1098,
        "stationclass": 1,
        "numberlanes": 3,
        "latlon": "45.47907983,-122.56598979",
        "length": 1.34,
        "detectors": [
            {
                "detectorid": 1417,
                "lanenumber": 1,
                "loopdata": {}
            },
            {
                "detectorid": 1418,
                "lanenumber": 2,
                "loopdata": {}
            },
            {
                "detectorid": 1419,
                "lanenumber": 3,
                "loopdata": {}
            }
        ],
        "highway": {
            "highwayid": 4,
            "shortdirection": "S",
            "direction": "SOUTH",
            "highwayname": "I-205"
        }
    },
    {
        "stationid": 1053,
        "milepost": 18.92,
        "locationtext": "Powell Blvd SB",
        "upstream": 1052,
        "downstream": 1054,
        "stationclass": 1,
        "numberlanes": 3,
        "latlon": "45.49741915,-122.56556869",
        "length": 0.88,
        "detectors": [
            {
                "detectorid": 1409,
                "lanenumber": 1,
                "loopdata": {}
            },
            {
                "detectorid": 1410,
                "lanenumber": 2,
                "loopdata": {}
            },
            {
                "detectorid": 1411,
                "lanenumber": 3,
                "loopdata": {}
            }
        ],
        "highway": {
            "highwayid": 4,
            "shortdirection": "S",
            "direction": "SOUTH",
            "highwayname": "I-205"
        }
    },
    {
        "stationid": 1052,
        "milepost": 19.25,
        "locationtext": "Division SB",
        "upstream": 1051,
        "downstream": 1053,
        "stationclass": 1,
        "numberlanes": 3,
        "latlon": "45.50438814,-122.56546676",
        "length": 0.71,
        "detectors": [
            {
                "detectorid": 1401,
                "lanenumber": 1,
                "loopdata": {}
            },
            {
                "detectorid": 1402,
                "lanenumber": 2,
                "loopdata": {}
            },
            {
                "detectorid": 1403,
                "lanenumber": 3,
                "loopdata": {}
            }
        ],
        "highway": {
            "highwayid": 4,
            "shortdirection": "S",
            "direction": "SOUTH",
            "highwayname": "I-205"
        }
    },
    {
        "stationid": 1051,
        "milepost": 20.34,
        "locationtext": "Stark/Washington SB",
        "upstream": 1143,
        "downstream": 1052,
        "stationclass": 1,
        "numberlanes": 3,
        "latlon": "45.51868626,-122.5655821",
        "length": 0.93,
        "detectors": [
            {
                "detectorid": 1393,
                "lanenumber": 1,
                "loopdata": {}
            },
            {
                "detectorid": 1394,
                "lanenumber": 2,
                "loopdata": {}
            },
            {
                "detectorid": 1395,
                "lanenumber": 3,
                "loopdata": {}
            }
        ],
        "highway": {
            "highwayid": 4,
            "shortdirection": "S",
            "direction": "SOUTH",
            "highwayname": "I-205"
        }
    },
    {
        "stationid": 1143,
        "milepost": 21.12,
        "locationtext": "Glisan to I-205 SB",
        "upstream": 1141,
        "downstream": 1051,
        "stationclass": 1,
        "numberlanes": 3,
        "latlon": "45.5263291,-122.56548554",
        "length": 1.53,
        "detectors": [
            {
                "detectorid": 1953,
                "lanenumber": 1,
                "loopdata": {}
            },
            {
                "detectorid": 1954,
                "lanenumber": 2,
                "loopdata": {}
            },
            {
                "detectorid": 1955,
                "lanenumber": 3,
                "loopdata": {}
            }
        ],
        "highway": {
            "highwayid": 4,
            "shortdirection": "S",
            "direction": "SOUTH",
            "highwayname": "I-205"
        }
    },
    {
        "stationid": 1141,
        "milepost": 23.41,
        "locationtext": "Columbia to I-205 SB",
        "upstream": 1050,
        "downstream": 1143,
        "stationclass": 1,
        "numberlanes": 3,
        "latlon": "45.56092595,-122.56364822",
        "length": 1.77,
        "detectors": [
            {
                "detectorid": 1945,
                "lanenumber": 1,
                "loopdata": {}
            },
            {
                "detectorid": 1946,
                "lanenumber": 2,
                "loopdata": {}
            },
            {
                "detectorid": 1947,
                "lanenumber": 3,
                "loopdata": {}
            }
        ],
        "highway": {
            "highwayid": 4,
            "shortdirection": "S",
            "direction": "SOUTH",
            "highwayname": "I-205"
        }
    },
    {
        "stationid": 1050,
        "milepost": 24.66,
        "locationtext": "Airportway EB to SB",
        "upstream": 1049,
        "downstream": 1141,
        "stationclass": 1,
        "numberlanes": 3,
        "latlon": "45.57114858,-122.54981339",
        "length": 0.68,
        "detectors": [
            {
                "detectorid": 1385,
                "lanenumber": 1,
                "loopdata": {}
            },
            {
                "detectorid": 1386,
                "lanenumber": 2,
                "loopdata": {}
            },
            {
                "detectorid": 1387,
                "lanenumber": 3,
                "loopdata": {}
            }
        ],
        "highway": {
            "highwayid": 4,
            "shortdirection": "S",
            "direction": "SOUTH",
            "highwayname": "I-205"
        }
    },
    {
        "stationid": 1049,
        "milepost": 24.77,
        "locationtext": "Airportway WB to SB",
        "upstream": 0,
        "downstream": 1050,
        "stationclass": 1,
        "numberlanes": 3,
        "latlon": "45.57461641,-122.54627556",
        "length": 1.88,
        "detectors": [
            {
                "detectorid": 1377,
                "lanenumber": 1,
                "loopdata": {}
            },
            {
                "detectorid": 1378,
                "lanenumber": 2,
                "loopdata": {}
            },
            {
                "detectorid": 1379,
                "lanenumber": 3,
                "loopdata": {}
            }
        ],
        "highway": {
            "highwayid": 4,
            "shortdirection": "S",
            "direction": "SOUTH",
            "highwayname": "I-205"
        }
    }
]